Iteration, Discriminator Loss, Generator Loss, Accuracy
0, 121.932343, 0.687054, 0.500000
10, 0.534491, 0.945848, 0.980469
20, 0.216655, 1.725080, 0.992188
30, 0.086516, 3.144710, 0.988281
40, 0.202235, 3.272784, 0.962891
50, 0.287779, 2.647780, 0.966797
60, 0.431568, 2.562715, 0.923828
70, 0.875391, 1.532535, 0.830078
80, 0.690096, 1.285748, 0.779297
90, 0.825501, 2.016854, 0.814453
100, 0.882065, 2.244112, 0.865234
110, 0.722625, 2.418707, 0.890625
120, 0.656750, 2.082588, 0.898438
130, 0.891828, 2.274114, 0.884766
140, 2.069871, 4.030111, 0.742188
150, 1.081644, 3.114894, 0.826172
160, 7.947341, 0.000000, 0.447266
170, 3.410393, 0.000018, 0.435547
180, 1.301572, 3.660462, 0.826172
190, 1.132514, 0.832766, 0.826172
200, 9.821661, 6.146245, 0.708984
210, 9.181137, 0.001492, 0.384766
220, 1.482169, 5.625951, 0.726562
230, 9.080436, 5.655256, 0.707031
240, 2.624658, 0.000812, 0.416016
250, 6.973645, 0.000022, 0.421875
260, 4.323244, 0.000244, 0.402344
270, 9.808643, 0.010903, 0.373047
280, 2.953684, 0.000050, 0.386719
290, 6.352262, 0.000003, 0.394531
300, 3.006803, 0.000000, 0.400391
310, 13.124342, 0.400206, 0.359375
320, 14.511757, 3.498346, 0.763672
330, 3.832470, 14.394754, 0.699219
340, 5.293674, 9.742877, 0.748047
350, 5.058600, 8.399500, 0.726562
360, 1.280321, 5.076676, 0.757812
370, 7.306375, 6.091863, 0.732422
380, 7.276014, 5.348519, 0.759766
390, 5.980558, 5.047387, 0.681641
400, 1.289410, 1.903794, 0.867188
410, 1.093452, 0.432674, 0.556641
420, 6.852677, 0.006517, 0.359375
430, 9.475677, 0.000008, 0.349609
440, 5.418548, 7.723345, 0.500000
450, 5.410072, 0.000002, 0.402344
460, 13.563459, 2.228298, 0.746094
470, 2.125164, 0.012747, 0.332031
480, 7.495417, 0.000115, 0.380859
490, 6.533933, 0.058553, 0.353516
500, 7.383368, 0.008648, 0.414062
510, 6.273766, 0.020256, 0.443359
520, 6.751329, 0.038831, 0.414062
530, 8.154423, 0.418747, 0.619141
540, 12.056039, 0.504778, 0.537109
550, 7.862173, 3.221755, 0.738281
560, 0.192605, 6.710102, 0.927734
570, 0.183262, 3.597784, 0.791016
580, 8.088781, 0.052613, 0.382812
590, 10.928147, 0.005005, 0.291016
600, 8.454622, 0.000013, 0.363281
610, 3.203790, 0.000022, 0.447266
620, 3.137919, 0.000041, 0.453125
630, 8.832985, 0.051425, 0.380859
640, 9.776530, 0.191567, 0.410156
650, 8.889482, 0.478778, 0.433594
660, 7.611227, 0.282989, 0.472656
670, 4.745004, 0.065443, 0.472656
680, 4.975363, 0.709225, 0.783203
690, 3.292530, 0.453363, 0.671875
700, 2.006702, 7.124841, 0.644531
710, 3.115235, 2.695368, 0.544922
720, 2.951504, 1.629852, 0.494141
730, 2.210582, 1.010191, 0.439453
740, 1.447858, 0.914038, 0.486328
750, 1.129514, 1.529743, 0.601562
760, 1.282974, 1.115806, 0.595703
770, 1.346193, 0.836115, 0.562500
780, 1.382031, 0.665885, 0.554688
790, 1.372371, 0.626407, 0.611328
800, 1.368812, 0.608920, 0.589844
810, 1.374983, 0.683343, 0.554688
820, 1.350437, 0.655456, 0.533203
830, 1.310436, 0.717334, 0.500000
840, 1.339628, 0.750968, 0.500000
850, 1.335059, 0.678590, 0.500000
860, 1.334649, 0.754064, 0.500000
870, 1.347932, 0.529776, 0.476562
880, 1.308276, 0.773673, 0.501953
890, 1.334076, 0.687939, 0.500000
900, 1.359540, 0.728842, 0.500000
910, 1.342885, 0.836578, 0.500000
920, 1.296408, 0.690088, 0.595703
930, 1.283901, 0.599567, 0.726562
940, 1.276343, 0.716525, 0.660156
950, 1.247197, 0.728275, 0.654297
960, 1.242295, 0.702050, 0.623047
970, 1.191388, 0.801772, 0.669922
980, 1.212837, 0.600239, 0.841797
990, 1.298028, 0.583092, 0.832031
1000, 1.114639, 0.507210, 0.757812
1010, 1.283566, 0.413456, 0.611328
1020, 1.179386, 0.576930, 0.771484
1030, 1.272303, 0.532663, 0.779297
1040, 1.305243, 0.556818, 0.753906
1050, 1.214439, 0.571974, 0.755859
1060, 1.188979, 0.573917, 0.806641
1070, 1.207479, 0.527589, 0.705078
1080, 1.213955, 0.582327, 0.777344
1090, 1.285450, 0.554941, 0.722656
1100, 1.246880, 0.610621, 0.781250
1110, 1.240621, 0.573745, 0.728516
1120, 1.241389, 0.594601, 0.732422
1130, 1.249285, 0.599705, 0.705078
1140, 1.239788, 0.606092, 0.718750
1150, 1.323664, 0.602704, 0.630859
1160, 1.336686, 0.631332, 0.523438
1170, 1.246491, 0.717043, 0.554688
1180, 1.322495, 0.551997, 0.646484
1190, 1.303395, 0.592598, 0.667969
1200, 1.335346, 0.595197, 0.644531
1210, 1.299376, 0.565502, 0.669922
1220, 1.285902, 0.620150, 0.677734
1230, 1.314538, 0.615143, 0.630859
1240, 1.325496, 0.622888, 0.603516
1250, 1.288423, 0.630684, 0.632812
1260, 1.305100, 0.641864, 0.607422
1270, 1.306508, 0.665400, 0.591797
1280, 1.276440, 0.641346, 0.675781
1290, 1.322218, 0.610878, 0.595703
1300, 1.360832, 0.598695, 0.554688
1310, 1.333338, 0.614990, 0.595703
1320, 1.352487, 0.633384, 0.515625
1330, 1.343711, 0.668211, 0.462891
1340, 1.346818, 0.593570, 0.496094
1350, 1.323153, 0.628308, 0.472656
1360, 1.323986, 0.608481, 0.570312
1370, 1.354732, 0.612049, 0.537109
1380, 1.325427, 0.630738, 0.580078
1390, 1.323421, 0.676970, 0.509766
1400, 1.330905, 0.653689, 0.541016
1410, 1.325652, 0.634202, 0.562500
1420, 1.339934, 0.652580, 0.537109
1430, 1.340216, 0.613745, 0.462891
1440, 1.355773, 0.627404, 0.535156
1450, 1.358801, 0.651798, 0.535156
1460, 1.362982, 0.596319, 0.535156
1470, 1.374483, 0.632903, 0.527344
1480, 1.366401, 0.650216, 0.509766
1490, 1.357613, 0.679051, 0.500000
1500, 1.343028, 0.666526, 0.529297
1510, 1.359687, 0.660865, 0.521484
1520, 1.370865, 0.632063, 0.537109
1530, 1.377388, 0.590604, 0.494141
1540, 1.327269, 0.596801, 0.513672
1550, 1.373378, 0.680639, 0.517578
1560, 1.385598, 0.618547, 0.500000
1570, 1.374818, 0.662858, 0.500000
1580, 1.367580, 0.612733, 0.505859
1590, 1.361362, 0.653750, 0.500000
1600, 1.352666, 0.620155, 0.539062
1610, 1.366161, 0.617647, 0.515625
1620, 1.330570, 0.749047, 0.500000
1630, 1.353855, 0.629059, 0.503906
1640, 1.378544, 0.633713, 0.535156
1650, 1.364483, 0.726467, 0.500000
1660, 1.331796, 0.940959, 0.500000
1670, 1.398854, 0.594297, 0.541016
1680, 1.380205, 0.615792, 0.494141
1690, 1.373745, 0.667960, 0.500000
1700, 1.369161, 0.842623, 0.500000
1710, 1.354318, 0.648628, 0.513672
1720, 1.386392, 0.597141, 0.494141
1730, 1.393197, 0.674395, 0.527344
1740, 1.353654, 0.591731, 0.507812
1750, 1.427018, 0.565808, 0.494141
1760, 1.297660, 0.739429, 0.513672
1770, 1.352516, 0.659091, 0.500000
1780, 1.359290, 0.652023, 0.500000
1790, 1.362811, 0.455963, 0.490234
1800, 1.348687, 0.646199, 0.503906
1810, 1.398034, 0.555325, 0.513672
1820, 1.374268, 0.615637, 0.531250
1830, 1.371572, 0.613127, 0.505859
1840, 1.365084, 0.638950, 0.503906
1850, 1.371497, 0.642494, 0.500000
1860, 1.343797, 0.607947, 0.587891
1870, 1.348111, 0.690815, 0.500000
1880, 1.384627, 0.668606, 0.500000
1890, 1.376247, 0.570587, 0.468750
1900, 1.405718, 0.600159, 0.498047
1910, 1.359836, 0.644911, 0.537109
1920, 1.391988, 0.540295, 0.474609
1930, 1.327727, 0.694427, 0.525391
1940, 1.358843, 0.773733, 0.500000
1950, 1.372345, 0.608642, 0.482422
1960, 1.371615, 0.734914, 0.500000
1970, 1.376393, 0.710435, 0.500000
1980, 1.367010, 0.658609, 0.500000
1990, 1.307774, 0.710140, 0.500000
2000, 1.361880, 0.710117, 0.507812
2010, 1.366676, 0.635878, 0.519531
2020, 1.367398, 0.690078, 0.519531
2030, 1.362975, 0.588827, 0.443359
2040, 1.356572, 0.511663, 0.447266
2050, 1.365660, 0.799579, 0.500000
2060, 1.410174, 0.602402, 0.496094
2070, 1.371961, 0.737920, 0.500000
2080, 1.374061, 0.680817, 0.500000
2090, 1.393688, 0.638741, 0.498047
2100, 1.357795, 0.684315, 0.509766
2110, 1.376303, 0.621681, 0.496094
2120, 1.390619, 0.835421, 0.500000
2130, 1.374353, 0.672516, 0.500000
2140, 1.375734, 0.715949, 0.500000
2150, 1.365675, 0.609520, 0.529297
2160, 1.366593, 0.686485, 0.500000
2170, 1.377133, 0.792090, 0.500000
2180, 1.369291, 0.569605, 0.503906
2190, 1.364889, 0.679112, 0.500000
2200, 1.375463, 0.677692, 0.500000
2210, 1.391759, 0.823386, 0.500000
2220, 1.394855, 0.774631, 0.500000
2230, 1.374477, 0.710685, 0.500000
2240, 1.373365, 0.676050, 0.500000
2250, 1.385833, 0.698918, 0.500000
2260, 1.387839, 0.620270, 0.509766
2270, 1.374638, 0.709421, 0.500000
2280, 1.376616, 0.743849, 0.500000
2290, 1.375935, 0.730390, 0.500000
2300, 1.378601, 0.686850, 0.500000
2310, 1.382189, 0.738164, 0.500000
2320, 1.380623, 0.706554, 0.500000
2330, 1.361105, 0.748851, 0.500000
2340, 1.324697, 0.582321, 0.529297
2350, 1.377528, 0.683468, 0.521484
2360, 1.366160, 0.671751, 0.500000
2370, 1.378294, 0.665973, 0.500000
2380, 1.373822, 0.688075, 0.500000
2390, 1.376410, 0.715936, 0.500000
2400, 1.378736, 0.705437, 0.500000
2410, 1.383930, 0.686517, 0.500000
2420, 1.365828, 0.621923, 0.500000
2430, 1.382990, 0.703992, 0.500000
2440, 1.384997, 0.762707, 0.500000
2450, 1.374271, 0.701158, 0.500000
2460, 1.383880, 0.688783, 0.500000
2470, 1.385426, 0.603864, 0.521484
2480, 1.376090, 0.755923, 0.500000
2490, 1.382204, 0.666653, 0.500000
2500, 1.355678, 0.678018, 0.531250
2510, 1.381266, 0.689839, 0.500000
2520, 1.377552, 0.704716, 0.500000
2530, 1.373955, 0.816347, 0.500000
2540, 1.378041, 0.679345, 0.500000
2550, 1.391315, 0.710515, 0.500000
2560, 1.374423, 0.605641, 0.496094
2570, 1.374133, 0.827352, 0.500000
2580, 1.382878, 0.598165, 0.500000
2590, 1.363968, 0.640216, 0.498047
2600, 1.365097, 0.691115, 0.527344
2610, 1.389525, 0.721311, 0.500000
2620, 1.364476, 0.626192, 0.500000
2630, 1.387542, 0.694971, 0.500000
2640, 1.381343, 0.683484, 0.500000
2650, 1.357976, 0.570169, 0.511719
2660, 1.373978, 0.661615, 0.500000
2670, 1.379160, 0.665585, 0.500000
2680, 1.366600, 0.616014, 0.500000
2690, 1.381493, 0.710253, 0.500000
2700, 1.343753, 0.746714, 0.533203
2710, 1.382152, 0.678673, 0.500000
2720, 1.380577, 0.731493, 0.500000
2730, 1.376660, 0.679827, 0.500000
2740, 1.380029, 0.712513, 0.500000
2750, 1.380957, 0.687264, 0.500000
2760, 1.383095, 0.666426, 0.500000
2770, 1.381953, 0.693138, 0.500000
2780, 1.384586, 0.661326, 0.500000
2790, 1.388479, 0.673766, 0.500000
2800, 1.364004, 0.743527, 0.500000
2810, 1.374235, 0.680174, 0.529297
2820, 1.371060, 0.662699, 0.421875
2830, 1.383530, 0.735777, 0.500000
2840, 1.381097, 0.667389, 0.500000
2850, 1.358392, 0.742377, 0.500000
2860, 1.382817, 0.657290, 0.500000
2870, 1.376142, 0.670477, 0.498047
2880, 1.368261, 0.699052, 0.500000
2890, 1.383458, 0.717031, 0.500000
2900, 1.385341, 0.688777, 0.500000
2910, 1.382798, 0.681189, 0.500000
2920, 1.378647, 0.702115, 0.500000
2930, 1.380811, 0.671087, 0.500000
2940, 1.377493, 0.691269, 0.500000
2950, 1.377889, 0.746924, 0.500000
2960, 1.364752, 0.749318, 0.500000
2970, 1.381823, 0.731070, 0.500000
2980, 1.376855, 0.670394, 0.500000
2990, 1.381271, 0.679323, 0.500000
3000, 1.372036, 0.671722, 0.496094
3010, 1.377492, 0.640127, 0.500000
3020, 1.376719, 0.681046, 0.498047
3030, 1.382758, 0.778741, 0.500000
3040, 1.383768, 0.669324, 0.500000
3050, 1.375902, 0.673935, 0.500000
3060, 1.360024, 0.606145, 0.478516
3070, 1.370650, 0.681836, 0.476562
3080, 1.368984, 0.664337, 0.476562
3090, 1.318057, 0.584662, 0.515625
3100, 1.334471, 0.584157, 0.488281
3110, 1.387138, 0.645832, 0.500000
3120, 1.379827, 0.620425, 0.480469
3130, 1.380984, 0.705023, 0.500000
3140, 1.383272, 0.731559, 0.500000
3150, 1.379108, 0.702055, 0.500000
3160, 1.384385, 0.683231, 0.500000
3170, 1.373915, 0.636206, 0.500000
3180, 1.378007, 0.593343, 0.498047
3190, 1.377182, 0.688877, 0.500000
3200, 1.382489, 0.684774, 0.500000
3210, 1.372804, 0.658755, 0.500000
3220, 1.379985, 0.742342, 0.500000
3230, 1.367932, 0.639834, 0.500000
3240, 1.373938, 0.752175, 0.500000
3250, 1.378448, 0.702885, 0.500000
3260, 1.383377, 0.694835, 0.500000
3270, 1.377337, 0.702308, 0.500000
3280, 1.376013, 0.665754, 0.500000
3290, 1.381447, 0.687108, 0.500000
3300, 1.375073, 0.690929, 0.500000
3310, 1.383972, 0.669341, 0.500000
3320, 1.383530, 0.684171, 0.500000
3330, 1.392132, 0.684118, 0.500000
3340, 1.384371, 0.733289, 0.500000
3350, 1.381108, 0.657990, 0.490234
3360, 1.385417, 0.734175, 0.500000
3370, 1.362794, 0.725528, 0.500000
3380, 1.381679, 0.717065, 0.500000
3390, 1.387728, 0.690142, 0.500000
3400, 1.386232, 0.697272, 0.500000
3410, 1.384397, 0.727288, 0.500000
3420, 1.379774, 0.662027, 0.500000
3430, 1.380783, 0.704719, 0.500000
3440, 1.387042, 0.643231, 0.496094
3450, 1.378317, 0.641745, 0.500000
3460, 1.377344, 0.718666, 0.496094
3470, 1.381707, 0.718591, 0.500000
3480, 1.374269, 0.805925, 0.500000
3490, 1.377166, 0.579198, 0.361328
3500, 1.375728, 0.644019, 0.498047
3510, 1.361753, 0.732365, 0.500000
3520, 1.379034, 0.662619, 0.505859
3530, 1.381342, 0.693951, 0.500000
3540, 1.372106, 0.696801, 0.500000
3550, 1.382467, 0.632424, 0.494141
3560, 1.381760, 0.686741, 0.500000
3570, 1.364997, 0.563880, 0.464844
3580, 1.380828, 0.601025, 0.496094
3590, 1.381914, 0.688104, 0.500000
3600, 1.383722, 0.693630, 0.500000
3610, 1.368203, 0.665063, 0.500000
3620, 1.374768, 0.677256, 0.500000
3630, 1.377310, 0.703046, 0.500000
3640, 1.385283, 0.689471, 0.500000
3650, 1.355692, 0.806672, 0.484375
3660, 1.388825, 0.698801, 0.500000
3670, 1.336674, 0.765722, 0.505859
3680, 1.382861, 0.525737, 0.460938
3690, 1.384724, 0.665142, 0.500000
3700, 1.387375, 0.702305, 0.500000
3710, 1.362836, 0.652147, 0.490234
3720, 1.357463, 0.655730, 0.500000
3730, 1.383355, 0.652256, 0.429688
3740, 1.387447, 0.687941, 0.500000
3750, 1.386207, 0.683498, 0.500000
3760, 1.374406, 0.666037, 0.492188
3770, 1.380195, 0.667065, 0.500000
3780, 1.372747, 0.612744, 0.494141
3790, 1.383127, 0.670651, 0.500000
3800, 1.384995, 0.694266, 0.500000
3810, 1.381902, 0.714742, 0.500000
3820, 1.380626, 0.710621, 0.500000
3830, 1.379174, 0.721162, 0.500000
3840, 1.351365, 0.688632, 0.500000
3850, 1.385121, 0.698650, 0.498047
3860, 1.368138, 0.700768, 0.427734
3870, 1.373787, 0.637585, 0.513672
3880, 1.381344, 0.709821, 0.500000
3890, 1.383442, 0.712218, 0.500000
3900, 1.376402, 0.671452, 0.500000
3910, 1.384627, 0.728582, 0.500000
3920, 1.370963, 0.693202, 0.500000
3930, 1.381870, 0.700460, 0.500000
3940, 1.385640, 0.692782, 0.500000
3950, 1.378276, 0.713656, 0.500000
3960, 1.383380, 0.657954, 0.500000
3970, 1.347229, 0.706995, 0.498047
3980, 1.372537, 0.566570, 0.494141
3990, 1.374305, 0.659587, 0.500000
4000, 1.379760, 0.675145, 0.500000
4010, 1.378805, 0.707989, 0.500000
4020, 1.379293, 0.711914, 0.496094
4030, 1.356171, 0.723869, 0.498047
4040, 1.344382, 0.538591, 0.523438
4050, 1.355204, 0.726955, 0.500000
4060, 1.360025, 0.669801, 0.500000
4070, 1.381278, 0.625390, 0.500000
4080, 1.389508, 0.652699, 0.494141
4090, 1.359059, 0.698117, 0.500000
4100, 1.363654, 0.674125, 0.482422
4110, 1.386038, 0.656787, 0.500000
4120, 1.346285, 0.630492, 0.474609
4130, 1.383515, 0.680313, 0.500000
4140, 1.357791, 0.631060, 0.523438
4150, 1.368035, 0.627785, 0.498047
4160, 1.366401, 0.641523, 0.501953
4170, 1.340165, 0.640172, 0.535156
4180, 1.372879, 0.647042, 0.523438
4190, 1.368906, 0.685128, 0.521484
4200, 1.353880, 0.637479, 0.486328
4210, 1.343884, 0.767246, 0.496094
4220, 1.321680, 0.733945, 0.505859
4230, 1.347638, 0.644036, 0.482422
4240, 1.379419, 0.716936, 0.500000
4250, 1.372560, 0.691820, 0.500000
4260, 1.347241, 0.731441, 0.505859
4270, 1.361981, 0.596089, 0.441406
4280, 1.321770, 0.659922, 0.472656
4290, 1.359190, 0.653259, 0.500000
4300, 1.382879, 0.754010, 0.500000
4310, 1.433304, 0.606018, 0.484375
4320, 1.358960, 0.687760, 0.500000
4330, 1.386168, 0.729258, 0.500000
4340, 1.383826, 0.658471, 0.500000
4350, 1.371480, 0.804446, 0.500000
4360, 1.381947, 0.809796, 0.500000
4370, 1.382790, 0.674809, 0.500000
4380, 1.363652, 0.666018, 0.511719
4390, 1.381017, 0.669684, 0.500000
4400, 1.377241, 0.653931, 0.500000
4410, 1.339573, 0.628808, 0.482422
4420, 1.381153, 0.677533, 0.500000
4430, 1.348298, 0.634966, 0.474609
4440, 1.346138, 0.704536, 0.494141
4450, 1.374572, 0.724541, 0.500000
4460, 1.298846, 0.620823, 0.462891
4470, 1.357328, 0.621351, 0.496094
4480, 1.338313, 0.655709, 0.515625
4490, 1.376855, 0.650440, 0.501953
4500, 1.311264, 0.662355, 0.478516
4510, 1.357725, 0.626234, 0.490234
4520, 1.345035, 0.572533, 0.500000
4530, 1.378438, 0.648551, 0.500000
4540, 1.344110, 0.710319, 0.521484
4550, 1.341579, 0.654093, 0.484375
4560, 1.354640, 0.671185, 0.505859
4570, 1.352419, 0.669652, 0.486328
4580, 1.337550, 0.653905, 0.519531
4590, 1.295033, 0.601632, 0.507812
4600, 1.364313, 0.573742, 0.406250
4610, 1.372117, 0.609926, 0.494141
4620, 1.313714, 0.613542, 0.462891
4630, 1.381853, 0.739017, 0.500000
4640, 1.379498, 0.683786, 0.500000
4650, 1.378507, 0.766137, 0.500000
4660, 1.357584, 0.650013, 0.500000
4670, 1.350908, 0.640118, 0.500000
4680, 1.341453, 0.665612, 0.490234
4690, 1.353101, 0.669554, 0.498047
4700, 1.327298, 0.556833, 0.474609
4710, 1.366107, 0.656130, 0.496094
4720, 1.345922, 0.666124, 0.500000
4730, 1.385896, 0.630466, 0.492188
4740, 1.336919, 0.634462, 0.480469
4750, 1.346106, 0.607236, 0.492188
4760, 1.318805, 0.568790, 0.484375
4770, 1.305151, 0.538275, 0.468750
4780, 1.390030, 0.659625, 0.500000
4790, 1.347033, 0.658186, 0.484375
4800, 1.353949, 0.664502, 0.496094
4810, 1.315505, 0.653620, 0.531250
4820, 1.354456, 0.529042, 0.462891
4830, 1.320072, 0.727220, 0.478516
4840, 1.340433, 0.617254, 0.480469
4850, 1.334443, 0.563358, 0.486328
4860, 1.369219, 0.655355, 0.503906
4870, 1.335734, 0.647869, 0.478516
4880, 1.343831, 0.595418, 0.466797
4890, 1.319578, 0.684600, 0.500000
4900, 1.344453, 0.611012, 0.488281
4910, 1.379334, 0.657075, 0.500000
4920, 1.350981, 0.607795, 0.468750
4930, 1.350209, 0.623168, 0.470703
4940, 1.334694, 0.621032, 0.474609
4950, 1.356218, 0.677245, 0.500000
4960, 1.316820, 0.655570, 0.447266
4970, 1.370714, 0.546665, 0.484375
4980, 1.393427, 0.631450, 0.476562
4990, 1.350503, 0.614712, 0.500000
5000, 1.372025, 0.695168, 0.500000
5010, 1.383934, 0.658926, 0.500000
5020, 1.328807, 0.620924, 0.496094
5030, 1.385077, 0.645059, 0.478516
5040, 1.361701, 0.638725, 0.482422
5050, 1.336692, 0.676034, 0.500000
5060, 1.356596, 0.658967, 0.500000
5070, 1.339251, 0.585892, 0.492188
5080, 1.385207, 0.706397, 0.494141
5090, 1.354790, 0.697621, 0.500000
5100, 1.355700, 0.603867, 0.482422
5110, 1.344169, 0.659359, 0.500000
5120, 1.348276, 0.546029, 0.460938
5130, 1.324380, 0.665910, 0.472656
5140, 1.365006, 0.753503, 0.500000
5150, 1.320068, 0.702543, 0.478516
5160, 1.327460, 0.668538, 0.500000
5170, 1.324389, 0.623979, 0.466797
5180, 1.382631, 0.691007, 0.500000
5190, 1.330090, 0.598463, 0.511719
5200, 1.359498, 0.598902, 0.453125
5210, 1.334874, 0.609982, 0.472656
5220, 1.401228, 0.581256, 0.457031
5230, 1.303095, 0.627391, 0.445312
5240, 1.353359, 0.631732, 0.507812
5250, 1.322099, 0.603546, 0.429688
5260, 1.348678, 0.574630, 0.509766
5270, 1.321321, 0.679066, 0.500000
5280, 1.371212, 0.638733, 0.500000
5290, 1.347234, 0.609568, 0.492188
5300, 1.362361, 0.603817, 0.478516
5310, 1.347367, 0.701904, 0.500000
5320, 1.382969, 0.791974, 0.500000
5330, 1.364707, 0.698359, 0.500000
5340, 1.379829, 0.618420, 0.500000
5350, 1.378310, 0.624435, 0.515625
5360, 1.339904, 0.564438, 0.457031
5370, 1.327308, 0.719557, 0.500000
5380, 1.341607, 0.628841, 0.500000
5390, 1.312996, 0.560431, 0.490234
5400, 1.340197, 0.614000, 0.421875
5410, 1.304420, 0.520834, 0.476562
5420, 1.405577, 0.565266, 0.449219
5430, 1.341707, 0.659815, 0.500000
5440, 1.369901, 0.588999, 0.466797
5450, 1.350239, 0.589280, 0.457031
5460, 1.346031, 0.566969, 0.457031
5470, 1.333537, 0.602539, 0.453125
5480, 1.365987, 0.625297, 0.482422
5490, 1.336132, 0.563665, 0.455078
5500, 1.388209, 0.676023, 0.500000
5510, 1.347225, 0.544229, 0.486328
5520, 1.369727, 0.533524, 0.523438
5530, 1.340880, 0.594467, 0.464844
5540, 1.347197, 0.751629, 0.500000
5550, 1.358407, 0.549719, 0.494141
5560, 1.358784, 0.536106, 0.476562
5570, 1.366339, 0.794875, 0.500000
5580, 1.355433, 0.571547, 0.521484
5590, 1.335731, 0.591425, 0.496094
5600, 1.360603, 0.665713, 0.500000
5610, 1.377691, 0.721581, 0.500000
5620, 1.338315, 0.563057, 0.449219
5630, 1.380843, 0.745561, 0.500000
5640, 1.357298, 0.664306, 0.500000
5650, 1.352666, 0.707633, 0.486328
5660, 1.341927, 0.616735, 0.480469
5670, 1.309337, 0.609305, 0.458984
5680, 1.334999, 0.580169, 0.470703
5690, 1.384344, 0.553311, 0.443359
5700, 1.297986, 0.700435, 0.500000
5710, 1.368436, 0.548009, 0.406250
5720, 1.393089, 0.681973, 0.501953
5730, 1.299725, 0.572379, 0.464844
5740, 1.357253, 0.533879, 0.474609
5750, 1.377236, 0.634040, 0.500000
5760, 1.320553, 0.718502, 0.500000
5770, 1.337091, 0.552353, 0.462891
5780, 1.354775, 0.927021, 0.500000
5790, 1.306834, 0.559094, 0.447266
5800, 1.365129, 0.466318, 0.498047
5810, 1.378872, 0.596967, 0.466797
5820, 1.330717, 0.685988, 0.496094
5830, 1.337043, 0.589421, 0.492188
5840, 1.332758, 0.634786, 0.464844
5850, 1.358158, 0.613217, 0.500000
5860, 1.340586, 0.695950, 0.500000
5870, 1.317177, 0.576048, 0.441406
5880, 1.361001, 0.474985, 0.419922
5890, 1.291013, 0.594454, 0.492188
5900, 1.357979, 0.592410, 0.457031
5910, 1.367663, 0.530667, 0.416016
5920, 1.347103, 0.742193, 0.500000
5930, 1.356207, 0.618184, 0.480469
5940, 1.363155, 0.673810, 0.500000
5950, 1.336425, 0.554297, 0.437500
5960, 1.359812, 0.584562, 0.474609
5970, 1.374862, 0.623438, 0.472656
5980, 1.386601, 0.618702, 0.486328
5990, 1.317676, 0.633884, 0.500000
6000, 1.281754, 0.636522, 0.445312
6010, 1.387571, 0.661646, 0.500000
6020, 1.328162, 0.526287, 0.314453
6030, 1.338824, 0.774415, 0.500000
6040, 1.351994, 0.626654, 0.468750
6050, 1.342630, 0.616079, 0.457031
6060, 1.351222, 0.723048, 0.500000
6070, 1.353226, 0.484267, 0.423828
6080, 1.313253, 0.636251, 0.435547
6090, 1.331936, 0.609657, 0.500000
6100, 1.315397, 0.591208, 0.476562
6110, 1.363303, 0.597642, 0.470703
6120, 1.291914, 0.594877, 0.412109
6130, 1.325302, 0.673287, 0.494141
6140, 1.377276, 0.672247, 0.500000
6150, 1.336177, 0.629858, 0.478516
6160, 1.324305, 0.586586, 0.451172
6170, 1.393755, 0.716131, 0.500000
6180, 1.333673, 0.533551, 0.441406
6190, 1.364084, 0.580553, 0.484375
6200, 1.331689, 0.572492, 0.490234
6210, 1.386759, 0.672145, 0.500000
6220, 1.312404, 0.539376, 0.417969
6230, 1.329522, 0.743547, 0.500000
6240, 1.274657, 0.612981, 0.513672
6250, 1.318161, 0.681653, 0.500000
6260, 1.337632, 0.550209, 0.427734
6270, 1.339107, 0.628306, 0.500000
6280, 1.340047, 0.514221, 0.515625
6290, 1.332166, 0.682067, 0.500000
6300, 1.264891, 0.825628, 0.500000
6310, 1.323575, 0.553273, 0.558594
6320, 1.328078, 0.514243, 0.449219
6330, 1.361382, 0.711668, 0.500000
6340, 1.320439, 0.880013, 0.500000
6350, 1.322666, 0.544666, 0.445312
6360, 1.327253, 0.561395, 0.451172
6370, 1.284202, 0.520226, 0.427734
6380, 1.369411, 0.541599, 0.453125
6390, 1.342060, 0.642763, 0.500000
6400, 1.343701, 0.735995, 0.500000
6410, 1.316340, 0.515720, 0.410156
6420, 1.305686, 0.515126, 0.400391
6430, 1.358151, 0.515986, 0.427734
6440, 1.310428, 0.563061, 0.441406
6450, 1.341608, 0.538659, 0.429688
6460, 1.291868, 0.568263, 0.451172
6470, 1.347168, 0.718516, 0.492188
6480, 1.377816, 0.500132, 0.486328
6490, 1.363329, 0.634170, 0.500000
6500, 1.312150, 0.562949, 0.445312
6510, 1.300036, 0.717341, 0.500000
6520, 1.363322, 0.676059, 0.500000
6530, 1.345917, 0.674173, 0.500000
6540, 1.342096, 0.629762, 0.521484
6550, 1.324214, 0.723524, 0.476562
6560, 1.289485, 0.489274, 0.433594
6570, 1.302894, 0.593844, 0.457031
6580, 1.339784, 0.697898, 0.484375
6590, 1.392391, 0.496405, 0.458984
6600, 1.310775, 0.682592, 0.484375
6610, 1.344022, 0.564089, 0.470703
6620, 1.332073, 0.655957, 0.500000
6630, 1.300572, 0.524055, 0.511719
6640, 1.348558, 0.722645, 0.500000
6650, 1.328580, 0.753839, 0.500000
6660, 1.354405, 0.487727, 0.435547
6670, 1.365179, 0.560576, 0.457031
6680, 1.377928, 0.672157, 0.500000
6690, 1.287047, 0.467655, 0.398438
6700, 1.352521, 0.486943, 0.517578
6710, 1.299691, 0.677531, 0.498047
6720, 1.317442, 0.532034, 0.460938
6730, 1.379525, 0.722767, 0.500000
6740, 1.340007, 0.604189, 0.462891
6750, 1.316646, 0.649219, 0.500000
6760, 1.360371, 0.482536, 0.449219
6770, 1.413444, 0.491423, 0.492188
6780, 1.358892, 0.687737, 0.500000
6790, 1.364999, 0.717627, 0.500000
6800, 1.343185, 0.566863, 0.457031
6810, 1.330790, 0.530535, 0.494141
6820, 1.399687, 0.786133, 0.500000
6830, 1.344551, 0.481983, 0.435547
6840, 1.319940, 0.560290, 0.449219
6850, 1.288148, 0.684443, 0.468750
6860, 1.336848, 0.507861, 0.482422
6870, 1.315993, 0.487640, 0.425781
6880, 1.325459, 0.534958, 0.476562
6890, 1.321447, 0.551254, 0.453125
6900, 1.337702, 0.650214, 0.478516
6910, 1.336215, 0.644832, 0.500000
6920, 1.315144, 0.449936, 0.462891
6930, 1.340376, 0.556195, 0.435547
6940, 1.341678, 0.531287, 0.439453
6950, 1.296495, 0.524765, 0.455078
6960, 1.319836, 0.519889, 0.429688
6970, 1.281739, 0.497026, 0.367188
6980, 1.319499, 0.552783, 0.498047
6990, 1.381077, 0.708168, 0.500000
7000, 1.387147, 0.500564, 0.462891
7010, 1.299383, 0.475504, 0.412109
7020, 1.270602, 0.525445, 0.404297
7030, 1.319482, 0.538668, 0.447266
7040, 1.337406, 0.490604, 0.439453
7050, 1.326205, 0.517681, 0.460938
7060, 1.332693, 0.539271, 0.453125
7070, 1.312282, 0.496395, 0.429688
7080, 1.342633, 0.498029, 0.390625
7090, 1.288223, 0.519678, 0.427734
7100, 1.319777, 0.525438, 0.445312
7110, 1.323521, 0.557810, 0.441406
7120, 1.301388, 0.543995, 0.449219
7130, 1.310793, 0.597581, 0.455078
7140, 1.318624, 0.555174, 0.458984
7150, 1.314375, 0.515540, 0.419922
7160, 1.288962, 0.474662, 0.429688
7170, 1.309972, 0.732101, 0.480469
7180, 1.362163, 0.537998, 0.443359
7190, 1.347032, 0.569863, 0.464844
7200, 1.301705, 0.501514, 0.451172
7210, 1.281159, 0.697985, 0.486328
7220, 1.306761, 0.511673, 0.394531
7230, 1.302046, 0.508053, 0.425781
7240, 1.320144, 0.515693, 0.457031
7250, 1.310297, 0.477317, 0.445312
7260, 1.335524, 0.511738, 0.419922
7270, 1.343772, 0.547330, 0.447266
7280, 1.284037, 0.483174, 0.388672
7290, 1.329976, 0.675374, 0.500000
7300, 1.299932, 0.553402, 0.462891
7310, 1.298311, 0.530485, 0.449219
7320, 1.369784, 0.544543, 0.455078
7330, 1.304069, 0.493615, 0.412109
7340, 1.400357, 0.532009, 0.419922
7350, 1.324804, 0.528952, 0.443359
7360, 1.372889, 0.728476, 0.500000
7370, 1.337456, 0.454687, 0.441406
7380, 1.318155, 0.710935, 0.494141
7390, 1.361871, 0.855274, 0.500000
7400, 1.360512, 0.505286, 0.423828
7410, 1.314723, 0.495228, 0.417969
7420, 1.330549, 0.533553, 0.416016
7430, 1.331443, 0.605978, 0.468750
7440, 1.309791, 0.557474, 0.441406
7450, 1.348989, 0.527937, 0.435547
7460, 1.344509, 0.575709, 0.427734
7470, 1.357239, 0.590443, 0.460938
7480, 1.337426, 0.557089, 0.455078
7490, 1.332108, 0.540504, 0.445312
7500, 1.361514, 0.538060, 0.457031
7510, 1.340235, 0.831663, 0.500000
7520, 1.371155, 0.639647, 0.500000
7530, 1.344670, 0.477158, 0.474609
7540, 1.334438, 0.645942, 0.500000
7550, 1.324970, 0.569841, 0.462891
7560, 1.355146, 0.662659, 0.500000
7570, 1.363889, 0.600396, 0.500000
7580, 1.345104, 0.609864, 0.500000
7590, 1.289473, 0.630823, 0.488281
7600, 1.321399, 0.540923, 0.419922
7610, 1.343747, 0.562715, 0.466797
7620, 1.337842, 0.610489, 0.474609
7630, 1.281266, 0.637511, 0.490234
7640, 1.316409, 0.549168, 0.494141
7650, 1.317415, 0.639953, 0.496094
7660, 1.318956, 0.508488, 0.398438
7670, 1.284080, 0.632575, 0.500000
7680, 1.321088, 0.574704, 0.441406
7690, 1.319203, 0.521864, 0.457031
7700, 1.332581, 0.659812, 0.474609
7710, 1.372505, 0.499206, 0.537109
7720, 1.366644, 0.525566, 0.507812
7730, 1.305532, 0.668550, 0.500000
7740, 1.346506, 0.612201, 0.500000
7750, 1.351370, 0.491189, 0.482422
7760, 1.400313, 0.496891, 0.447266
7770, 1.353179, 0.650839, 0.500000
7780, 1.332224, 0.569213, 0.462891
7790, 1.323425, 0.542301, 0.484375
7800, 1.351804, 0.622521, 0.500000
7810, 1.342422, 0.879352, 0.500000
7820, 1.297209, 0.511020, 0.427734
7830, 1.366070, 0.455299, 0.460938
7840, 1.300940, 0.578035, 0.482422
7850, 1.260769, 0.630609, 0.476562
7860, 1.262416, 0.577657, 0.480469
7870, 1.305072, 0.607613, 0.498047
7880, 1.281317, 0.658987, 0.500000
7890, 1.323889, 0.644174, 0.507812
7900, 1.322989, 0.567684, 0.445312
7910, 1.329840, 0.905147, 0.500000
7920, 1.343922, 0.556984, 0.437500
7930, 1.339460, 0.497598, 0.414062
7940, 1.354788, 0.536676, 0.425781
7950, 1.272589, 0.458209, 0.410156
7960, 1.316944, 0.528450, 0.390625
7970, 1.413327, 0.760171, 0.500000
7980, 1.368917, 0.514487, 0.435547
7990, 1.361252, 0.824403, 0.500000
8000, 1.366999, 0.471269, 0.474609
8010, 1.284806, 0.621894, 0.498047
8020, 1.309805, 0.554937, 0.478516
8030, 1.328259, 0.570633, 0.509766
8040, 1.323082, 0.452057, 0.470703
8050, 1.270438, 0.466505, 0.423828
8060, 1.329985, 0.469472, 0.388672
8070, 1.283955, 0.445064, 0.355469
8080, 1.340139, 0.547301, 0.417969
8090, 1.327973, 0.504497, 0.404297
8100, 1.360970, 0.506704, 0.458984
8110, 1.363497, 0.475405, 0.431641
8120, 1.313642, 0.481029, 0.441406
8130, 1.304415, 0.526161, 0.431641
8140, 1.311814, 0.542041, 0.443359
8150, 1.322704, 0.509445, 0.388672
8160, 1.362406, 0.494807, 0.378906
8170, 1.406183, 0.557630, 0.416016
8180, 1.327373, 0.510623, 0.419922
8190, 1.389303, 0.508862, 0.416016
8200, 1.228485, 0.623095, 0.427734
8210, 1.321898, 0.487469, 0.375000
8220, 1.322446, 0.496506, 0.373047
8230, 1.285465, 0.517739, 0.431641
8240, 1.325427, 0.532872, 0.404297
8250, 1.316229, 0.509462, 0.435547
8260, 1.275808, 0.491573, 0.394531
8270, 1.288691, 0.467487, 0.373047
8280, 1.316462, 0.516202, 0.421875
8290, 1.235970, 0.649991, 0.449219
8300, 1.257604, 0.475628, 0.390625
8310, 1.295248, 0.672101, 0.500000
8320, 1.375257, 0.732360, 0.500000
8330, 1.282641, 0.478201, 0.380859
8340, 1.375918, 0.490222, 0.392578
8350, 1.278212, 0.478820, 0.367188
8360, 1.335575, 0.499785, 0.419922
8370, 1.356830, 0.622851, 0.500000
8380, 1.332485, 0.777193, 0.500000
8390, 1.387329, 0.538034, 0.458984
8400, 1.303340, 0.685368, 0.466797
8410, 1.338498, 0.463981, 0.441406
8420, 1.342803, 0.745888, 0.500000
8430, 1.340187, 0.535477, 0.433594
8440, 1.332842, 0.494003, 0.423828
8450, 1.331115, 0.466862, 0.410156
8460, 1.291954, 0.503682, 0.376953
8470, 1.307471, 0.481124, 0.462891
8480, 1.237302, 0.680320, 0.443359
8490, 1.259494, 0.521510, 0.390625
8500, 1.356325, 0.526579, 0.451172
8510, 1.433364, 0.474699, 0.503906
8520, 1.346015, 0.547855, 0.419922
8530, 1.330816, 0.873378, 0.500000
8540, 1.298158, 0.482068, 0.417969
8550, 1.302149, 0.508022, 0.437500
8560, 1.483131, 0.719295, 0.507812
8570, 1.351240, 0.455959, 0.455078
8580, 1.253123, 0.500535, 0.451172
8590, 1.199749, 0.506433, 0.402344
8600, 1.384718, 0.439305, 0.416016
8610, 1.249886, 0.362325, 0.458984
8620, 1.271500, 0.732382, 0.500000
8630, 1.331314, 0.538279, 0.466797
8640, 1.328224, 0.565859, 0.447266
8650, 1.347248, 0.826147, 0.500000
8660, 1.287966, 0.533591, 0.406250
8670, 1.332391, 0.519852, 0.404297
8680, 1.305577, 0.521213, 0.406250
8690, 1.314899, 0.519923, 0.402344
8700, 1.258944, 0.488574, 0.416016
8710, 1.327808, 0.511973, 0.425781
8720, 1.259510, 0.624610, 0.466797
8730, 1.281003, 0.502511, 0.423828
8740, 1.290230, 0.418814, 0.507812
8750, 1.361100, 0.499979, 0.458984
8760, 1.351042, 0.845984, 0.500000
8770, 1.404369, 0.453049, 0.507812
8780, 1.289407, 0.672782, 0.500000
8790, 1.366776, 0.469874, 0.394531
8800, 1.344343, 0.415032, 0.482422
8810, 1.352990, 0.528790, 0.460938
8820, 1.296277, 0.619501, 0.474609
8830, 1.300393, 0.483387, 0.390625
8840, 1.334074, 0.572628, 0.458984
8850, 1.330116, 0.519492, 0.431641
8860, 1.244611, 0.510389, 0.429688
8870, 1.298964, 0.456304, 0.398438
8880, 1.248657, 0.418303, 0.451172
8890, 1.273744, 0.570338, 0.423828
8900, 1.355397, 0.436292, 0.466797
8910, 1.354592, 0.830887, 0.500000
8920, 1.212668, 0.778330, 0.480469
8930, 1.271383, 0.511901, 0.414062
8940, 1.306522, 0.487461, 0.484375
8950, 1.241255, 0.594243, 0.439453
8960, 1.278860, 0.630087, 0.447266
8970, 1.354723, 0.675011, 0.503906
8980, 1.310810, 0.543404, 0.468750
8990, 1.322618, 0.542497, 0.437500
9000, 1.242192, 0.480694, 0.376953
9010, 1.314606, 0.507678, 0.447266
9020, 1.319996, 0.472915, 0.412109
9030, 1.194506, 0.609256, 0.412109
9040, 1.320057, 0.522766, 0.414062
9050, 1.265146, 0.626275, 0.500000
9060, 1.299868, 0.506728, 0.404297
9070, 1.365268, 0.554633, 0.437500
9080, 1.306010, 0.712569, 0.500000
9090, 1.301697, 0.601626, 0.472656
9100, 1.277924, 0.575117, 0.455078
9110, 1.345118, 0.546358, 0.445312
9120, 1.232484, 0.444601, 0.386719
9130, 1.303936, 0.531107, 0.382812
9140, 1.303831, 0.511470, 0.433594
9150, 1.360834, 0.565541, 0.437500
9160, 1.321536, 0.561125, 0.402344
9170, 1.354061, 0.502981, 0.453125
9180, 1.343812, 0.537826, 0.488281
9190, 1.357301, 0.490243, 0.455078
9200, 1.367059, 0.580157, 0.464844
9210, 1.329878, 0.521568, 0.425781
9220, 1.316417, 0.500061, 0.396484
9230, 1.224989, 0.568920, 0.425781
9240, 1.277585, 0.654248, 0.474609
9250, 1.288476, 0.556127, 0.408203
9260, 1.334732, 0.755860, 0.500000
9270, 1.308087, 0.551473, 0.363281
9280, 1.347242, 0.485622, 0.484375
9290, 1.294393, 0.610697, 0.500000
9300, 1.331031, 0.508235, 0.332031
9310, 1.304988, 0.536274, 0.458984
9320, 1.361265, 0.415656, 0.466797
9330, 1.275603, 0.629982, 0.486328
9340, 1.308782, 0.627146, 0.451172
9350, 1.349283, 0.639602, 0.498047
9360, 1.326327, 0.561124, 0.474609
9370, 1.281343, 0.582676, 0.484375
9380, 1.334949, 0.742330, 0.500000
9390, 1.305893, 0.758092, 0.494141
9400, 1.340628, 0.593431, 0.437500
9410, 1.348508, 0.739856, 0.500000
9420, 1.332987, 0.649660, 0.500000
9430, 1.349006, 0.485518, 0.490234
9440, 1.299981, 0.665201, 0.498047
9450, 1.305351, 0.547192, 0.494141
9460, 1.312529, 0.532389, 0.460938
9470, 1.333115, 0.665254, 0.460938
9480, 1.304979, 0.720394, 0.500000
9490, 1.276752, 0.798868, 0.500000
9500, 1.316822, 0.472041, 0.443359
9510, 1.334811, 0.690875, 0.500000
9520, 1.290335, 0.528407, 0.427734
9530, 1.355602, 0.680222, 0.488281
9540, 1.305269, 0.751289, 0.492188
9550, 1.332169, 0.808179, 0.500000
9560, 1.248444, 0.522698, 0.505859
9570, 1.307536, 0.529480, 0.406250
9580, 1.304773, 0.537531, 0.396484
9590, 1.231179, 0.497483, 0.412109
9600, 1.250967, 0.584466, 0.421875
9610, 1.304638, 0.531303, 0.421875
9620, 1.296112, 0.433117, 0.470703
9630, 1.397342, 0.506222, 0.464844
9640, 1.293841, 0.640952, 0.449219
9650, 1.283921, 0.630974, 0.476562
9660, 1.300389, 0.785019, 0.492188
9670, 1.295291, 0.613172, 0.544922
9680, 1.289483, 0.636590, 0.500000
9690, 1.285586, 0.471324, 0.392578
9700, 1.230296, 0.492946, 0.464844
9710, 1.377013, 0.643065, 0.498047
9720, 1.284027, 0.559871, 0.472656
9730, 1.323860, 0.772705, 0.500000
9740, 1.304379, 0.690005, 0.500000
9750, 1.274588, 0.761942, 0.462891
9760, 1.355545, 0.539447, 0.484375
9770, 1.322678, 0.695013, 0.500000
9780, 1.343575, 0.803583, 0.500000
9790, 1.333522, 0.637336, 0.486328
9800, 1.270063, 0.539278, 0.490234
9810, 1.314300, 0.601132, 0.511719
9820, 1.329583, 0.693058, 0.500000
9830, 1.337107, 0.842681, 0.500000
9840, 1.287406, 0.666991, 0.486328
9850, 1.288294, 0.544254, 0.470703
9860, 1.354345, 0.631641, 0.500000
9870, 1.334947, 0.942792, 0.500000
9880, 1.275793, 0.645989, 0.421875
9890, 1.340900, 0.677756, 0.500000
9900, 1.257466, 0.660253, 0.482422
9910, 1.329128, 0.642685, 0.486328
9920, 1.346056, 0.538566, 0.425781
9930, 1.336105, 0.571038, 0.484375
9940, 1.302494, 0.482257, 0.398438
9950, 1.272510, 0.517633, 0.363281
9960, 1.191758, 0.647948, 0.458984
9970, 1.359396, 0.564362, 0.498047
9980, 1.427580, 0.701566, 0.500000
9990, 1.326075, 0.511389, 0.429688
10000, 1.312122, 0.492192, 0.392578
